<?xml version="1.0" encoding="UTF-8"?>
<!-- IMPORTANT: This is an internal file that has been generated
     by the Xilinx ISE software.  Any direct editing or
     changes made to this file may result in unpredictable
     behavior or data corruption.  It is strongly advised that
     users do not edit the contents of this file. -->
<DeviceUsageSummary rev="3">
<DesignStatistics TimeStamp="Tue Nov 26 19:35:31 2019"><group name="MiscellaneousStatistics">
<item name="AGG_SLICE" rev="3">
<attrib name="value" value="2433"/></item>
<item name="NUM_4_INPUT_LUT" rev="3">
<attrib name="value" value="4125"/></item>
<item name="NUM_BSCAN" rev="3">
<attrib name="value" value="1"/></item>
<item name="NUM_BUFGMUX" rev="3">
<attrib name="value" value="3"/></item>
<item name="NUM_CYMUX" rev="3">
<attrib name="value" value="362"/></item>
<item name="NUM_DP_RAM" rev="3">
<attrib name="value" value="130"/></item>
<item name="NUM_LUT_RT" rev="3">
<attrib name="value" value="117"/></item>
<item name="NUM_RAM16" rev="3">
<attrib name="value" value="1"/></item>
<item name="NUM_RAMB16" rev="3">
<attrib name="value" value="1"/></item>
<item name="NUM_SHIFT" rev="3">
<attrib name="value" value="33"/></item>
<item name="NUM_SLICEL" rev="3">
<attrib name="value" value="2222"/></item>
<item name="NUM_SLICEM" rev="3">
<attrib name="value" value="211"/></item>
<item name="NUM_SLICE_FF" rev="3">
<attrib name="value" value="1860"/></item>
<item name="NUM_SLICE_LATCH" rev="3">
<attrib name="value" value="66"/></item>
<item name="NUM_XOR" rev="3">
<attrib name="value" value="292"/></item>
<item name="Xilinx Core chipscope_icon_v1_06_a, Xilinx CORE Generator 14.7" rev="3">
<attrib name="value" value="1"/></item>
<item name="Xilinx Core chipscope_vio_v1_05_a, Xilinx CORE Generator 14.7" rev="3">
<attrib name="value" value="1"/></item>
</group>
</DesignStatistics>
<CmdHistory>
</CmdHistory>
</DeviceUsageSummary>
